1,parthiban,5134,Save Draft,2021-08-10 03:35:59
2,parthiban,5134,Save Draft,2021-08-10 03:40:31
3,parthiban,5134,Save Draft,2021-08-10 03:42:17
4,parthiban,5134,Save Draft,2021-08-10 03:43:23
5,parthiban,5134,Save Draft,2021-08-10 03:44:38
6,parthiban,5134,Save Draft,2021-08-10 03:59:46
7,parthiban,5134,Save Draft,2021-08-10 04:01:40
8,parthiban,5134,Save Draft,2021-08-10 06:48:34
9,rammorthy,5134,Save Draft,2021-08-10 07:34:24
10,prabhakaran,962817205035,Save Draft,2021-08-10 08:08:42
11,ff,540,Save Draft,2021-08-10 11:05:45
