11,962817205035,prabhakaran,2000-01-25,LzN9VBvYMyle1LCG8Kwb54YtCWcbQKYSad+1xUecrQppGh/w1OLA0D0UNLcEdiZ6LsTPuGLXWSN1Rt1VNe2WjPbktPncTzqTRppxDAM4r9M=,Informational Technology,Final Year,988,06383117625,293\, thanigai amman kovil\
Neikuppi village Anupuram,parthibans452@gmail.com,$2y$10$oiSnQdo5tzCI9zvfSGqKn.SzqKEsWijWvSKzGJEyLwqWV5OdXevuu,2021-08-10 08:07:46,1
12,962817205014,gabriyal,2000-08-07,tKlx46CUF0WldYHQLdoO0ldn36+m+t001avTo7lvv/b8kg3w6S5MkdUxMysKxtGKlauR08n8dF0LxdM8KWpLarKpivvGBaNEdOpw2I37syw=,Informational Technology,Final Year,444,06383117625,293\, thanigai amman kovil\
Neikuppi village Anupuram,parthibans452@gmail.com,$2y$10$/Sjb5gWNt9OYOoC3ohAVPuwp6VOTWzgLt80FHbx79Agct2YPG9h2u,2021-08-10 07:47:03,0
13,962817205013,hari,2000-08-04,oBxngoKqP0sC5KHv/DIUAlnBr2GmH9oNcZPfENq7qzGP0YzZCtjDRTVfU/eqq49+hz0HoS1lM17vRSREIpx3SJkEgXmDwe2fn/HQX9zswVE=,Informational Technology,Final Year,777,06383117625,293\, thanigai amman kovil\
Neikuppi village Anupuram,parthibans452@gmail.com,$2y$10$IoFPnXeYhmnkY.bNf8LgBefnv7LkEi2Q8ddyiBhAdG38aaLR7kI9y,2021-08-10 07:39:03,0
14,540,ff,2021-08-12,tb2R5pIxwrnxQa2dPDAEF64LSIRZULGfeN66aTWUNHZMt4CAItKLltGBfY2RFrMFQjF0PBOzLxUVtqRVPpHmvpmINrwc9c1cPMM70QMaUo4=,Informational Technology,Second Year,33,06383117625,293\, thanigai amman kovil\
Neikuppi village Anupuram,parthibans452@gmail.com,$2y$10$X1ZE0SnTtPHAkydoH323xOFGwkD63/VSHiIMOQlfks9zmDWTnI8WO,2021-08-10 11:05:26,1
