1,riya24,$2y$10$XlDpAmQOzShsXXcCXb093uMG77/Wt/.mAFbVIfuoYcdGr.UEKtOKe,2021-08-08 21:22:23
2,parthisri,$2y$10$759WXTGfJ4JQa5lYzf337.UAaNeGX09XEbmmYG4vpwUlqfNdGH9Uu,2021-08-08 21:27:06
3,admin,$2y$10$.MQrPDdSa3Q1TTLW99EpRuu6WS4JeUtUhGHseZZ6Gzrywk6gcnWlS,2021-08-10 08:40:55
4,riya,$2y$10$eg8AvfThtCh7PCXIrac90egBF4IBpGV4aDwVozIcTaO7wmPvA39B6,2021-08-10 09:21:47
5,praveen,$2y$10$4mdSyQXew5dnMbZ4uUra4O2pkFSNZPH0wS/6h1oVM3eBPknXz89iS,2021-08-10 09:22:33
6,parthiban,$2y$10$vi812dkT85aZZ9ut3rXW3eu2WyKgRKYvVBnUtWMkHqksgWZ7VgNki,2021-08-14 08:45:44
